like,thomas,sanladerer,channel,gone,toilet,mean,quite,literally,broken,toilet,wanted,compare,options,effecting,printed,repair 
prompted,keith,frankish,recent,streamed,discussion,intentionality,youtube,particular,idea,wanted,share 
adding,podcasts,platform,service,gets,auto,download,feature 
fourth,nipah,virus,outbreak,kerala,state,since 
time,year,dimension,brand,season,throughout,dropout,ttrpg,show,taken,cast,underworld,food,kingdoms,person,mind,osmosis,jones,season,show,going,relati 
marriage,solemnised,sikh,temple,couple,performing,traditional,rituals 
google,released,cheesy,video,advertising,fake,ipager,gadget,apple,reverting,imessages,texted,android,devices,fashioned 
internet,buzzing,images,tiny,mummified,bodies,three,fingers,elongated,head,alleged,corpses,extraterrestrial,life,congressional,hearing,held,mexico,ufos,latest,join,string,recent,headlines,aliens 
youtubers,already,flocked,australia,territories,perform,drop,tests,iphone,given,usually,zero,scientific,rigor,testing,just,done,entertainment,dropped,height,iphone 
reports,surfaced,regarding,youtube,sunday,ticket,performance,future,look,like 
youtube,music,soon,available,directly,homepod,homepod,mini,siri,integration,according,code,hidden,youtube,music,discovered,software,miner,aaronp,section,youtube,music 
youtube,getting,premium,lite,month,free,subscription,users,offered,select,european,countries,including,belgium,denmark,finland,luxembourg,netherlands,norway,sweden 
investigation,shows,youtube,allows,users,upload,hardcore,pornography,platform,make,matters,funnier,exactly,clear,youtube,knows,capable,taking,explicit,mate 
dive,emails,documents,files,bard,side 
google,supercharging,bard,chatbot,integrating,apps,gmail,youtube,also,seeking,make,clearer,bard,hallucinates 
comedian,russell,brand,longer,make,money,million,subscriber,youtuber,channel,following,multiple,allegations,sexual,assault 
legacy,late,great,kevin,conroy,batman,began,batman,animated,series,continued,beloved,tenure,across,animated,films,games,celebrated,featurette,made,home,release,batman,mask,phantasm,read 
turn,volume,play,video,action,youtube,channel,explores,blood,curdling,sound,aztec,death,whistle,ancient,ceremonial,instrument,sounds,like,woman,shrieking,terror,discovered,archaeol 
vocal,talent,show,back,country,legend,reba,mcentire,joining,mentors 
weighs,little,pounds,beefy,laptop,gaming,powerhouse,used,keyboard 
bookings,open,next,week,disney,latest,cruise,ship,sail,caribbean,seven,night,voyages 
chandrayaan,dormant,lunar,night,extreme,cold,harmed,batteries 
meet,jeanie,pippa,rescue,dogs,legged,dogs,also,adorable,human,describes,youtube,page,rescues,activists,children,book,stars,icons,jeanie,world,cutest,legged 
accompanied,four,filters 
major,league,baseball,postseason,begins,tuesday,four,best,three,wild,cards,series 
already,seen,openai,salesforce,incorporate,standalone,chatbots,larger,comprehensive,machine,learning,platforms,span,breadth,depth,businesses,tuesday,google,announced,bard,receiving 
company,putting,powered,tools,hands,creators 
flash,flood,sikkim,state,caused,massive,damage,left,thousands,stranded 
squid,game,dropped,tell,netflix,going,long,show,momentum,allow,though,season,still,ways,away,streamer,looking,ways,fill,void 
writers,guild,america,comes,agreement,movie,television,studios,hollywood,appear,music,industry,reckoning,warner,music,group,robert,kyncl,thinks,really,good,thing 
youtube,introduced,premium,lite,feature,cheaper,alternative,original,premium,service,free,watching,experience 
capabilities,tech,giant,chatbot,span,across,google,platform,make,bard,helpful 
summit,just,away,indian,capital,delhi,decked,ready,welcome,guests 
european,union,regulators,reprimanded,elon,musk,platform,formerly,known,twitter,found,higher,levels,misinformation,report 
days,making,gadgets,better,longer,lasting,long,past,possibly,hopefully,future 
consumer,tech,world,shifts,gaze,towards,apple,expected,iphone,launch,next,week,google,appears,determined,make,sure,forget,pixels,pipeline,company,posted,sneak,peek,pixel,pixel,youtub 
whether,listening,music,read,simply,live,household,noisy,people,silence,something,used,finding,hitting,books,strive,study 
japanese,sushi,chain,replacing,revolving,sushi,conveyors,touchscreens,misbehaving,customers,sushi,terrorists,played,series,unhygienic,pranks,shocking,impact,bottom,line,youtube,instagram,tiktok 
sony,hosting,state,play,livestreamed,event,today,sony,says,announcement,include,something,everyone,focusing,primarily,indie,third,party,titles,promising,updates,flagship,games,state,play,follows 
youtube,cheaper,paid,plan,shutting,october 
saturday,iowa,state,cyclones,travel,norman,okla,take,undefeated,oklahoma,sooners,matchup,teams,coming,victories,iowa,state,thrashed,oklahoma,state,last,week,earning,victory,home,oklahoma 
apple,wonderlust,event,kicks,today,pacific,time,expecting,iphone,lineup,updated,apple,watch,series,apple,watch,ultra,models,case,update,airpods,perhaps,announcements 
youtube,rolling,free,trial,sunday,ticket,just,time,kickoff 
starfield,launch,boost,content,viewership,limited,access,window,mirrors,hogwarts,legacy,dominates,another,popular,release 
alan,colie,shot,tanner,cook,latter,stalked,mall,refused,stop,jury,just,acquitted,malicious,wounding,determining,colie,acted,self,defense,cook,youtuber,films,harassing 
remember,corridor,digital,angeles,based,production,studio,made,waves,months,back,generated,rock,paper,scissors,anime,video,team,claims,tech,democratize,animation,industry,video,wound 
google,podcasts,shutting,youtube,music,picks,full,global,availability,podcasts,expected,google,reports,youtube,music,google,podcasting,service,going,forward 
army,launched,search,rescue,operation,missing,troops 
entire,video,huge,smile,face,filmed,august,dolls,show,simpsonville,south,carolina,features,year,jake,stein,invited,stage,play,guitar,dolls,song,name,read 
climate,activists,calling,shell,partnering,popular,video,gamers,online,youth,influencers,promote,fossil,fuels,younger,generation,report,giant,july,reported,quarterly,profits,worked 
humans,bombay,follows,format,york,blog,suing,similar,indian,platform 
youtube,giving,library,makeover,renaming,making,personalized 
week,concludes,tonight,meadowlands,york,giants,hosting,seattle,seahawks 
best,friends,since,grade,school,former,engineers,began,posting,comedy,shows,youtube,today,rhett,link,burbank,california,entertainment,company,mythical,employs,people,create,youtube,series 
usually,marvel,cinematic,universe,things,memorable,original,music,really,rogers,musical,corny,hamilton,alike,told,condensed,story,chris,evans,captain,america,succ 
peter,donahue,artist,educator,using,social,media,explains,make,color,theory,accessible,youtube,channel,describes,explore,color,theory,weirdness,read,rest 
worry,next,surgeon,definitely,human,just,medical,students,training,scalpel,also,training,robots,designed,make,surgeries,easier 
youtube,details,couple,experiments,aimed,making,experience,little,fluid 
lots,learn,week,attention,study,questions,sneako,hated,internet,keep,lemon,mean,copyright,even,exist,youtube,extra,credi 
recent,report,revealed,feature,youtube,music,automatically,download,podcasts,users,post,youtube,music,automatically,download,podcasts,appeared,first,phandroid 
untruths,spouted,chatbots,ended,microsoft,bing,search,engine,served,facts,generative,make,search,harder,trust 
days,matter,wild,thing,choose,believe,find,someone,agrees,famously,politics,also,quite,often,world,batty,conspiracies,choose,believe,wolves 
google,bard,getting,support,extensions,today,incorporating,essential,apps,like,google,maps,youtube,hotels,flights,simplify,data,retrieval,accelerate,creative,process,android,police,reports,integration,ensures,users 
mercedes,first,kind,self,driving,tech,lets,watch,play,games,work,test,traffic 
youtube,music,users,soon,direct,streaming,siri,control,homepod,youtube,music,come,homepodapple,given,third,party,developers,option,native,support,music,services,homepod,since 
microsoft,even,without,usual,face,surface,announcements,plenty,show,assembled,media,industry,guests,yesterday,unsurprisingly,focused,latest,developments,copilot,assistant,graduati 
teens,glued,certain,apps,tiktok,youtube,rule,facebook,pinterest,study,says,half,plus,notifications 
footage,incident,shows,tanner,cook,harassing,alan,colie,youtube,channel,features,pranks,like,pretending,vomit,uber,drivers 
possible,remix,youtube,shorts,guide,show,everything,need,know 
russell,brand,career,lived,posing,dickensian,pest,commenter,perfectly,died,last,weekend,documentary,expos,reporting,numerous,claims,rape,sexual,assault,abuse,hands,read,rest 
move,siri,startups,using,technology,behind,chatgpt,build,capable,agents,control,computer,access,things,done,sometimes,chaotic,results 
comedian,turned,influencer,longer,able,make,money,account,million,subscribers 
users,started,reporting,mood,filters,showing,youtube,music 
watch,party,begins,tuesday,including,postshow,analysis,apple,event 
vice,media,edgy,news,outlet,built,reputation,hard,hitting,investigative,journalism,apparently,sold,spine,bucketful,riyals,recently,removed,documentary,inside,saudi,crown,prince,ruthless,quest,power 
powerhouses,facing,weekend,oklahoma,sooners,texas,longhorns,throw,cotton,bowl,stadium,dallas,saturday,classic,river,rivalry,game,teams,walking,unbowed,undefeated 
recording,academy,harvey,mason,setting,record,straight,variety,reported,earlier,week,generated,track,echoing,voices,drake,weeknd,considered,grammy,award,mason,insisting 
apple,today,shared,shot,iphone,starring,singer,olivia,rodrigo,youtube,channel,canada,video,provides,brief,behind,scenes,look,music,video,rodrigo,team,shot,entirely,iphone 
learn,everything,need,know,youtube,primetime,channels 
google,admits,bard,always,accurate,ropes,gmail,extensions 
developer,viral,indie,climbing,game,blew,popularity,twitch,streams,delisted,title,steam,receiving,accusations,using,infringing,assets,promoting,nfts,game,creator,said,plan 
rumors,indicate,bring,back,physical,button,along,google,maps,youtube,music,support 
know,nordvpn,popular,ambassador,program,taking,social,media,storm,influencers,sign,make,money,advertising,virtual,private,network,despite,popularity,didn,make,list,nine,providers,published 
youtuber,content,creator,sara,dietschy,joins,week,episode,macrumors,show,discuss,favorite,apple,accessories,subscribe,macrumors,youtube,channel,videos,talk,sara,thoughts 
news,anchor,appears,trailer,state,rossiya,exact,details,clear 
microsoft,holding,special,event,thursday,september,details,scant,timing,certainly,indicates,fall,hardware,event,likely,prioritizing,line,surface,products,livestream,watch,whol 
feastables,snack,company,owned,mrbeast,partnering,charlotte,hornets,snack,brand,logo,appear,team,jerseys,season 
long,existed,advice,rung,true,believe,everything,internet,whether,personal,blog,tweet,youtube,video,tiktok,anyone,anything,tough,know,whether 
just,away,apple,annual,september,event,usual,several,last,minute,rumors,iphone,devices,event,begins,tuesday,pacific,time,live,stream,available,youtube 
popular,european,tier,youtube,lite,retired,surprise,email,today,talk,outs,secret,youtube,tier,post,youtube,remove,popular,tier,offerings,appeared,first,phandroid 
google,chatgpt,rival,feasting,maps,youtube,flights,hotels,first,party,apps,expand,knowledge 
youtube,says,russell,brand,longer,make,money,video,streaming,site,several,women,made,allegations,sexual,assault,comedian,turned,influencer,youtube,says,brand,account,suspended,following,serious,allegations 
google,bard,directly,access,information,apps,like,gmail,docs,maps,flights,youtube,provide,comprehensive,personalized,responses,within,conversation 
apple,hosting,online,streaming,event,public,press,september,pacific,time,company,expected,announce,iphone,lineup,alongside,apple,watch,series,apple,watch,ultra,potentially 
vizio,built,television,brand,trying,offer,relatively,strong,picture,display,quality,budget,company,breaking,away,mold,latest,displays,vizio,announced,quantum,quantum,smart,thursday 
apple,iphone,iphone,models,heading,customers,world,including,macrumors,videographer,barbera,just,iphones,youtube,unboxed,iphone,iphone 
fitbit,popular,models,charge,version,charge,google,maps,google,wallet,youtube,music,controls,built,along,heart,rate,sensing,company,says,accurate,date,preorder 
youtube,create,lets,edit,videos,like,without,hassle 
samsung,laser,printer,stopped,working,turned,youtube 
like,thomas,sanladerer,channel,gone,toilet,mean,quite,literally,broken,toilet,wanted,compare,options,effecting,printed,repair 
prompted,keith,frankish,recent,streamed,discussion,intentionality,youtube,particular,idea,wanted,share 
adding,podcasts,platform,service,gets,auto,download,feature 
fourth,nipah,virus,outbreak,kerala,state,since 
time,year,dimension,brand,season,throughout,dropout,ttrpg,show,taken,cast,underworld,food,kingdoms,person,mind,osmosis,jones,season,show,going,relati 
marriage,solemnised,sikh,temple,couple,performing,traditional,rituals 
google,released,cheesy,video,advertising,fake,ipager,gadget,apple,reverting,imessages,texted,android,devices,fashioned 
internet,buzzing,images,tiny,mummified,bodies,three,fingers,elongated,head,alleged,corpses,extraterrestrial,life,congressional,hearing,held,mexico,ufos,latest,join,string,recent,headlines,aliens 
youtubers,already,flocked,australia,territories,perform,drop,tests,iphone,given,usually,zero,scientific,rigor,testing,just,done,entertainment,dropped,height,iphone 
reports,surfaced,regarding,youtube,sunday,ticket,performance,future,look,like 
youtube,music,soon,available,directly,homepod,homepod,mini,siri,integration,according,code,hidden,youtube,music,discovered,software,miner,aaronp,section,youtube,music 
youtube,getting,premium,lite,month,free,subscription,users,offered,select,european,countries,including,belgium,denmark,finland,luxembourg,netherlands,norway,sweden 
investigation,shows,youtube,allows,users,upload,hardcore,pornography,platform,make,matters,funnier,exactly,clear,youtube,knows,capable,taking,explicit,mate 
dive,emails,documents,files,bard,side 
google,supercharging,bard,chatbot,integrating,apps,gmail,youtube,also,seeking,make,clearer,bard,hallucinates 
comedian,russell,brand,longer,make,money,million,subscriber,youtuber,channel,following,multiple,allegations,sexual,assault 
legacy,late,great,kevin,conroy,batman,began,batman,animated,series,continued,beloved,tenure,across,animated,films,games,celebrated,featurette,made,home,release,batman,mask,phantasm,read 
turn,volume,play,video,action,youtube,channel,explores,blood,curdling,sound,aztec,death,whistle,ancient,ceremonial,instrument,sounds,like,woman,shrieking,terror,discovered,archaeol 
vocal,talent,show,back,country,legend,reba,mcentire,joining,mentors 
weighs,little,pounds,beefy,laptop,gaming,powerhouse,used,keyboard 
bookings,open,next,week,disney,latest,cruise,ship,sail,caribbean,seven,night,voyages 
chandrayaan,dormant,lunar,night,extreme,cold,harmed,batteries 
meet,jeanie,pippa,rescue,dogs,legged,dogs,also,adorable,human,describes,youtube,page,rescues,activists,children,book,stars,icons,jeanie,world,cutest,legged 
accompanied,four,filters 
major,league,baseball,postseason,begins,tuesday,four,best,three,wild,cards,series 
already,seen,openai,salesforce,incorporate,standalone,chatbots,larger,comprehensive,machine,learning,platforms,span,breadth,depth,businesses,tuesday,google,announced,bard,receiving 
company,putting,powered,tools,hands,creators 
flash,flood,sikkim,state,caused,massive,damage,left,thousands,stranded 
squid,game,dropped,tell,netflix,going,long,show,momentum,allow,though,season,still,ways,away,streamer,looking,ways,fill,void 
writers,guild,america,comes,agreement,movie,television,studios,hollywood,appear,music,industry,reckoning,warner,music,group,robert,kyncl,thinks,really,good,thing 
youtube,introduced,premium,lite,feature,cheaper,alternative,original,premium,service,free,watching,experience 
capabilities,tech,giant,chatbot,span,across,google,platform,make,bard,helpful 
summit,just,away,indian,capital,delhi,decked,ready,welcome,guests 
european,union,regulators,reprimanded,elon,musk,platform,formerly,known,twitter,found,higher,levels,misinformation,report 
days,making,gadgets,better,longer,lasting,long,past,possibly,hopefully,future 
consumer,tech,world,shifts,gaze,towards,apple,expected,iphone,launch,next,week,google,appears,determined,make,sure,forget,pixels,pipeline,company,posted,sneak,peek,pixel,pixel,youtub 
whether,listening,music,read,simply,live,household,noisy,people,silence,something,used,finding,hitting,books,strive,study 
japanese,sushi,chain,replacing,revolving,sushi,conveyors,touchscreens,misbehaving,customers,sushi,terrorists,played,series,unhygienic,pranks,shocking,impact,bottom,line,youtube,instagram,tiktok 
sony,hosting,state,play,livestreamed,event,today,sony,says,announcement,include,something,everyone,focusing,primarily,indie,third,party,titles,promising,updates,flagship,games,state,play,follows 
youtube,cheaper,paid,plan,shutting,october 
saturday,iowa,state,cyclones,travel,norman,okla,take,undefeated,oklahoma,sooners,matchup,teams,coming,victories,iowa,state,thrashed,oklahoma,state,last,week,earning,victory,home,oklahoma 
apple,wonderlust,event,kicks,today,pacific,time,expecting,iphone,lineup,updated,apple,watch,series,apple,watch,ultra,models,case,update,airpods,perhaps,announcements 
youtube,rolling,free,trial,sunday,ticket,just,time,kickoff 
starfield,launch,boost,content,viewership,limited,access,window,mirrors,hogwarts,legacy,dominates,another,popular,release 
alan,colie,shot,tanner,cook,latter,stalked,mall,refused,stop,jury,just,acquitted,malicious,wounding,determining,colie,acted,self,defense,cook,youtuber,films,harassing 
remember,corridor,digital,angeles,based,production,studio,made,waves,months,back,generated,rock,paper,scissors,anime,video,team,claims,tech,democratize,animation,industry,video,wound 
google,podcasts,shutting,youtube,music,picks,full,global,availability,podcasts,expected,google,reports,youtube,music,google,podcasting,service,going,forward 
army,launched,search,rescue,operation,missing,troops 
entire,video,huge,smile,face,filmed,august,dolls,show,simpsonville,south,carolina,features,year,jake,stein,invited,stage,play,guitar,dolls,song,name,read 
climate,activists,calling,shell,partnering,popular,video,gamers,online,youth,influencers,promote,fossil,fuels,younger,generation,report,giant,july,reported,quarterly,profits,worked 
humans,bombay,follows,format,york,blog,suing,similar,indian,platform 
youtube,giving,library,makeover,renaming,making,personalized 
week,concludes,tonight,meadowlands,york,giants,hosting,seattle,seahawks 
best,friends,since,grade,school,former,engineers,began,posting,comedy,shows,youtube,today,rhett,link,burbank,california,entertainment,company,mythical,employs,people,create,youtube,series 
usually,marvel,cinematic,universe,things,memorable,original,music,really,rogers,musical,corny,hamilton,alike,told,condensed,story,chris,evans,captain,america,succ 
peter,donahue,artist,educator,using,social,media,explains,make,color,theory,accessible,youtube,channel,describes,explore,color,theory,weirdness,read,rest 
worry,next,surgeon,definitely,human,just,medical,students,training,scalpel,also,training,robots,designed,make,surgeries,easier 
youtube,details,couple,experiments,aimed,making,experience,little,fluid 
lots,learn,week,attention,study,questions,sneako,hated,internet,keep,lemon,mean,copyright,even,exist,youtube,extra,credi 
recent,report,revealed,feature,youtube,music,automatically,download,podcasts,users,post,youtube,music,automatically,download,podcasts,appeared,first,phandroid 
untruths,spouted,chatbots,ended,microsoft,bing,search,engine,served,facts,generative,make,search,harder,trust 
days,matter,wild,thing,choose,believe,find,someone,agrees,famously,politics,also,quite,often,world,batty,conspiracies,choose,believe,wolves 
google,bard,getting,support,extensions,today,incorporating,essential,apps,like,google,maps,youtube,hotels,flights,simplify,data,retrieval,accelerate,creative,process,android,police,reports,integration,ensures,users 
mercedes,first,kind,self,driving,tech,lets,watch,play,games,work,test,traffic 
youtube,music,users,soon,direct,streaming,siri,control,homepod,youtube,music,come,homepodapple,given,third,party,developers,option,native,support,music,services,homepod,since 
microsoft,even,without,usual,face,surface,announcements,plenty,show,assembled,media,industry,guests,yesterday,unsurprisingly,focused,latest,developments,copilot,assistant,graduati 
teens,glued,certain,apps,tiktok,youtube,rule,facebook,pinterest,study,says,half,plus,notifications 
footage,incident,shows,tanner,cook,harassing,alan,colie,youtube,channel,features,pranks,like,pretending,vomit,uber,drivers 
possible,remix,youtube,shorts,guide,show,everything,need,know 
russell,brand,career,lived,posing,dickensian,pest,commenter,perfectly,died,last,weekend,documentary,expos,reporting,numerous,claims,rape,sexual,assault,abuse,hands,read,rest 
move,siri,startups,using,technology,behind,chatgpt,build,capable,agents,control,computer,access,things,done,sometimes,chaotic,results 
comedian,turned,influencer,longer,able,make,money,account,million,subscribers 
users,started,reporting,mood,filters,showing,youtube,music 
watch,party,begins,tuesday,including,postshow,analysis,apple,event 
vice,media,edgy,news,outlet,built,reputation,hard,hitting,investigative,journalism,apparently,sold,spine,bucketful,riyals,recently,removed,documentary,inside,saudi,crown,prince,ruthless,quest,power 
powerhouses,facing,weekend,oklahoma,sooners,texas,longhorns,throw,cotton,bowl,stadium,dallas,saturday,classic,river,rivalry,game,teams,walking,unbowed,undefeated 
recording,academy,harvey,mason,setting,record,straight,variety,reported,earlier,week,generated,track,echoing,voices,drake,weeknd,considered,grammy,award,mason,insisting 
apple,today,shared,shot,iphone,starring,singer,olivia,rodrigo,youtube,channel,canada,video,provides,brief,behind,scenes,look,music,video,rodrigo,team,shot,entirely,iphone 
learn,everything,need,know,youtube,primetime,channels 
google,admits,bard,always,accurate,ropes,gmail,extensions 
developer,viral,indie,climbing,game,blew,popularity,twitch,streams,delisted,title,steam,receiving,accusations,using,infringing,assets,promoting,nfts,game,creator,said,plan 
rumors,indicate,bring,back,physical,button,along,google,maps,youtube,music,support 
know,nordvpn,popular,ambassador,program,taking,social,media,storm,influencers,sign,make,money,advertising,virtual,private,network,despite,popularity,didn,make,list,nine,providers,published 
youtuber,content,creator,sara,dietschy,joins,week,episode,macrumors,show,discuss,favorite,apple,accessories,subscribe,macrumors,youtube,channel,videos,talk,sara,thoughts 
news,anchor,appears,trailer,state,rossiya,exact,details,clear 
microsoft,holding,special,event,thursday,september,details,scant,timing,certainly,indicates,fall,hardware,event,likely,prioritizing,line,surface,products,livestream,watch,whol 
feastables,snack,company,owned,mrbeast,partnering,charlotte,hornets,snack,brand,logo,appear,team,jerseys,season 
long,existed,advice,rung,true,believe,everything,internet,whether,personal,blog,tweet,youtube,video,tiktok,anyone,anything,tough,know,whether 
just,away,apple,annual,september,event,usual,several,last,minute,rumors,iphone,devices,event,begins,tuesday,pacific,time,live,stream,available,youtube 
popular,european,tier,youtube,lite,retired,surprise,email,today,talk,outs,secret,youtube,tier,post,youtube,remove,popular,tier,offerings,appeared,first,phandroid 
google,chatgpt,rival,feasting,maps,youtube,flights,hotels,first,party,apps,expand,knowledge 
youtube,says,russell,brand,longer,make,money,video,streaming,site,several,women,made,allegations,sexual,assault,comedian,turned,influencer,youtube,says,brand,account,suspended,following,serious,allegations 
google,bard,directly,access,information,apps,like,gmail,docs,maps,flights,youtube,provide,comprehensive,personalized,responses,within,conversation 
apple,hosting,online,streaming,event,public,press,september,pacific,time,company,expected,announce,iphone,lineup,alongside,apple,watch,series,apple,watch,ultra,potentially 
vizio,built,television,brand,trying,offer,relatively,strong,picture,display,quality,budget,company,breaking,away,mold,latest,displays,vizio,announced,quantum,quantum,smart,thursday 
apple,iphone,iphone,models,heading,customers,world,including,macrumors,videographer,barbera,just,iphones,youtube,unboxed,iphone,iphone 
fitbit,popular,models,charge,version,charge,google,maps,google,wallet,youtube,music,controls,built,along,heart,rate,sensing,company,says,accurate,date,preorder 
youtube,create,lets,edit,videos,like,without,hassle 
samsung,laser,printer,stopped,working,turned,youtube 
lots,learn,week,attention,study,questions,sneako,hated,internet,keep,lemon,mean,copyright,even,exist,youtube,extra,credi 
army,launched,search,rescue,operation,missing,troops 
major,league,baseball,postseason,begins,tuesday,four,best,three,wild,cards,series 
vizio,built,television,brand,trying,offer,relatively,strong,picture,display,quality,budget,company,breaking,away,mold,latest,displays,vizio,announced,quantum,quantum,smart,thursday 
teens,glued,certain,apps,tiktok,youtube,rule,facebook,pinterest,study,says,half,plus,notifications 
japanese,sushi,chain,replacing,revolving,sushi,conveyors,touchscreens,misbehaving,customers,sushi,terrorists,played,series,unhygienic,pranks,shocking,impact,bottom,line,youtube,instagram,tiktok 
prompted,keith,frankish,recent,streamed,discussion,intentionality,youtube,particular,idea,wanted,share 
know,nordvpn,popular,ambassador,program,taking,social,media,storm,influencers,sign,make,money,advertising,virtual,private,network,despite,popularity,didn,make,list,nine,providers,published 
google,bard,directly,access,information,apps,like,gmail,docs,maps,flights,youtube,provide,comprehensive,personalized,responses,within,conversation 
microsoft,holding,special,event,thursday,september,details,scant,timing,certainly,indicates,fall,hardware,event,likely,prioritizing,line,surface,products,livestream,watch,whol 
investigation,shows,youtube,allows,users,upload,hardcore,pornography,platform,make,matters,funnier,exactly,clear,youtube,knows,capable,taking,explicit,mate 
week,concludes,tonight,meadowlands,york,giants,hosting,seattle,seahawks 
time,year,dimension,brand,season,throughout,dropout,ttrpg,show,taken,cast,underworld,food,kingdoms,person,mind,osmosis,jones,season,show,going,relati 
youtube,music,soon,available,directly,homepod,homepod,mini,siri,integration,according,code,hidden,youtube,music,discovered,software,miner,aaronp,section,youtube,music 
whether,listening,music,read,simply,live,household,noisy,people,silence,something,used,finding,hitting,books,strive,study 
users,started,reporting,mood,filters,showing,youtube,music 
weighs,little,pounds,beefy,laptop,gaming,powerhouse,used,keyboard 
worry,next,surgeon,definitely,human,just,medical,students,training,scalpel,also,training,robots,designed,make,surgeries,easier 
footage,incident,shows,tanner,cook,harassing,alan,colie,youtube,channel,features,pranks,like,pretending,vomit,uber,drivers 
european,union,regulators,reprimanded,elon,musk,platform,formerly,known,twitter,found,higher,levels,misinformation,report 
chandrayaan,dormant,lunar,night,extreme,cold,harmed,batteries 
mercedes,first,kind,self,driving,tech,lets,watch,play,games,work,test,traffic 
youtube,rolling,free,trial,sunday,ticket,just,time,kickoff 
capabilities,tech,giant,chatbot,span,across,google,platform,make,bard,helpful 
sony,hosting,state,play,livestreamed,event,today,sony,says,announcement,include,something,everyone,focusing,primarily,indie,third,party,titles,promising,updates,flagship,games,state,play,follows 
powerhouses,facing,weekend,oklahoma,sooners,texas,longhorns,throw,cotton,bowl,stadium,dallas,saturday,classic,river,rivalry,game,teams,walking,unbowed,undefeated 
climate,activists,calling,shell,partnering,popular,video,gamers,online,youth,influencers,promote,fossil,fuels,younger,generation,report,giant,july,reported,quarterly,profits,worked 
google,released,cheesy,video,advertising,fake,ipager,gadget,apple,reverting,imessages,texted,android,devices,fashioned 
usually,marvel,cinematic,universe,things,memorable,original,music,really,rogers,musical,corny,hamilton,alike,told,condensed,story,chris,evans,captain,america,succ 
like,thomas,sanladerer,channel,gone,toilet,mean,quite,literally,broken,toilet,wanted,compare,options,effecting,printed,repair 
humans,bombay,follows,format,york,blog,suing,similar,indian,platform 
youtube,create,lets,edit,videos,like,without,hassle 
recording,academy,harvey,mason,setting,record,straight,variety,reported,earlier,week,generated,track,echoing,voices,drake,weeknd,considered,grammy,award,mason,insisting 
comedian,russell,brand,longer,make,money,million,subscriber,youtuber,channel,following,multiple,allegations,sexual,assault 
turn,volume,play,video,action,youtube,channel,explores,blood,curdling,sound,aztec,death,whistle,ancient,ceremonial,instrument,sounds,like,woman,shrieking,terror,discovered,archaeol 
youtube,music,users,soon,direct,streaming,siri,control,homepod,youtube,music,come,homepodapple,given,third,party,developers,option,native,support,music,services,homepod,since 
adding,podcasts,platform,service,gets,auto,download,feature 
internet,buzzing,images,tiny,mummified,bodies,three,fingers,elongated,head,alleged,corpses,extraterrestrial,life,congressional,hearing,held,mexico,ufos,latest,join,string,recent,headlines,aliens 
youtube,details,couple,experiments,aimed,making,experience,little,fluid 
comedian,turned,influencer,longer,able,make,money,account,million,subscribers 
accompanied,four,filters 
youtube,giving,library,makeover,renaming,making,personalized 
squid,game,dropped,tell,netflix,going,long,show,momentum,allow,though,season,still,ways,away,streamer,looking,ways,fill,void 
watch,party,begins,tuesday,including,postshow,analysis,apple,event 
microsoft,even,without,usual,face,surface,announcements,plenty,show,assembled,media,industry,guests,yesterday,unsurprisingly,focused,latest,developments,copilot,assistant,graduati 
google,admits,bard,always,accurate,ropes,gmail,extensions 
samsung,laser,printer,stopped,working,turned,youtube 
youtube,says,russell,brand,longer,make,money,video,streaming,site,several,women,made,allegations,sexual,assault,comedian,turned,influencer,youtube,says,brand,account,suspended,following,serious,allegations 
learn,everything,need,know,youtube,primetime,channels 
youtubers,already,flocked,australia,territories,perform,drop,tests,iphone,given,usually,zero,scientific,rigor,testing,just,done,entertainment,dropped,height,iphone 
russell,brand,career,lived,posing,dickensian,pest,commenter,perfectly,died,last,weekend,documentary,expos,reporting,numerous,claims,rape,sexual,assault,abuse,hands,read,rest 
summit,just,away,indian,capital,delhi,decked,ready,welcome,guests 
bookings,open,next,week,disney,latest,cruise,ship,sail,caribbean,seven,night,voyages 
alan,colie,shot,tanner,cook,latter,stalked,mall,refused,stop,jury,just,acquitted,malicious,wounding,determining,colie,acted,self,defense,cook,youtuber,films,harassing 
news,anchor,appears,trailer,state,rossiya,exact,details,clear 
already,seen,openai,salesforce,incorporate,standalone,chatbots,larger,comprehensive,machine,learning,platforms,span,breadth,depth,businesses,tuesday,google,announced,bard,receiving 
marriage,solemnised,sikh,temple,couple,performing,traditional,rituals 
reports,surfaced,regarding,youtube,sunday,ticket,performance,future,look,like 
apple,hosting,online,streaming,event,public,press,september,pacific,time,company,expected,announce,iphone,lineup,alongside,apple,watch,series,apple,watch,ultra,potentially 
days,making,gadgets,better,longer,lasting,long,past,possibly,hopefully,future 
youtube,getting,premium,lite,month,free,subscription,users,offered,select,european,countries,including,belgium,denmark,finland,luxembourg,netherlands,norway,sweden 
writers,guild,america,comes,agreement,movie,television,studios,hollywood,appear,music,industry,reckoning,warner,music,group,robert,kyncl,thinks,really,good,thing 
youtuber,content,creator,sara,dietschy,joins,week,episode,macrumors,show,discuss,favorite,apple,accessories,subscribe,macrumors,youtube,channel,videos,talk,sara,thoughts 
peter,donahue,artist,educator,using,social,media,explains,make,color,theory,accessible,youtube,channel,describes,explore,color,theory,weirdness,read,rest 
popular,european,tier,youtube,lite,retired,surprise,email,today,talk,outs,secret,youtube,tier,post,youtube,remove,popular,tier,offerings,appeared,first,phandroid 
vocal,talent,show,back,country,legend,reba,mcentire,joining,mentors 
best,friends,since,grade,school,former,engineers,began,posting,comedy,shows,youtube,today,rhett,link,burbank,california,entertainment,company,mythical,employs,people,create,youtube,series 
untruths,spouted,chatbots,ended,microsoft,bing,search,engine,served,facts,generative,make,search,harder,trust 
youtube,music,brings,song,details,users,android 
fourth,nipah,virus,outbreak,kerala,state,since 
recent,report,revealed,feature,youtube,music,automatically,download,podcasts,users,post,youtube,music,automatically,download,podcasts,appeared,first,phandroid 
developer,viral,indie,climbing,game,blew,popularity,twitch,streams,delisted,title,steam,receiving,accusations,using,infringing,assets,promoting,nfts,game,creator,said,plan 
flash,flood,sikkim,state,caused,massive,damage,left,thousands,stranded 
days,matter,wild,thing,choose,believe,find,someone,agrees,famously,politics,also,quite,often,world,batty,conspiracies,choose,believe,wolves 
google,bard,getting,support,extensions,today,incorporating,essential,apps,like,google,maps,youtube,hotels,flights,simplify,data,retrieval,accelerate,creative,process,android,police,reports,integration,ensures,users 
just,away,apple,annual,september,event,usual,several,last,minute,rumors,iphone,devices,event,begins,tuesday,pacific,time,live,stream,available,youtube 
move,siri,startups,using,technology,behind,chatgpt,build,capable,agents,control,computer,access,things,done,sometimes,chaotic,results 
apple,wonderlust,event,kicks,today,pacific,time,expecting,iphone,lineup,updated,apple,watch,series,apple,watch,ultra,models,case,update,airpods,perhaps,announcements 
dive,emails,documents,files,bard,side 
fitbit,popular,models,charge,version,charge,google,maps,google,wallet,youtube,music,controls,built,along,heart,rate,sensing,company,says,accurate,date,preorder 
rumors,indicate,bring,back,physical,button,along,google,maps,youtube,music,support 
apple,today,shared,shot,iphone,starring,singer,olivia,rodrigo,youtube,channel,canada,video,provides,brief,behind,scenes,look,music,video,rodrigo,team,shot,entirely,iphone 
possible,remix,youtube,shorts,guide,show,everything,need,know 
consumer,tech,world,shifts,gaze,towards,apple,expected,iphone,launch,next,week,google,appears,determined,make,sure,forget,pixels,pipeline,company,posted,sneak,peek,pixel,pixel,youtub 
entire,video,huge,smile,face,filmed,august,dolls,show,simpsonville,south,carolina,features,year,jake,stein,invited,stage,play,guitar,dolls,song,name,read 
long,existed,advice,rung,true,believe,everything,internet,whether,personal,blog,tweet,youtube,video,tiktok,anyone,anything,tough,know,whether 
google,supercharging,bard,chatbot,integrating,apps,gmail,youtube,also,seeking,make,clearer,bard,hallucinates 
company,putting,powered,tools,hands,creators 
youtube,introduced,premium,lite,feature,cheaper,alternative,original,premium,service,free,watching,experience 
vice,media,edgy,news,outlet,built,reputation,hard,hitting,investigative,journalism,apparently,sold,spine,bucketful,riyals,recently,removed,documentary,inside,saudi,crown,prince,ruthless,quest,power 
starfield,launch,boost,content,viewership,limited,access,window,mirrors,hogwarts,legacy,dominates,another,popular,release 
meet,jeanie,pippa,rescue,dogs,legged,dogs,also,adorable,human,describes,youtube,page,rescues,activists,children,book,stars,icons,jeanie,world,cutest,legged 
youtube,cheaper,paid,plan,shutting,october 
google,chatgpt,rival,feasting,maps,youtube,flights,hotels,first,party,apps,expand,knowledge 
apple,iphone,iphone,models,heading,customers,world,including,macrumors,videographer,barbera,just,iphones,youtube,unboxed,iphone,iphone 
feastables,snack,company,owned,mrbeast,partnering,charlotte,hornets,snack,brand,logo,appear,team,jerseys,season 
google,podcasts,shutting,youtube,music,picks,full,global,availability,podcasts,expected,google,reports,youtube,music,google,podcasting,service,going,forward 
saturday,iowa,state,cyclones,travel,norman,okla,take,undefeated,oklahoma,sooners,matchup,teams,coming,victories,iowa,state,thrashed,oklahoma,state,last,week,earning,victory,home,oklahoma 
legacy,late,great,kevin,conroy,batman,began,batman,animated,series,continued,beloved,tenure,across,animated,films,games,celebrated,featurette,made,home,release,batman,mask,phantasm,read 
