water_bottle,phone_case 
chair,pen,socks,keyboard 
laptop_case,charger,laptop_case 
sunglasses,shoe 
backpack,backpack,pen 
shoe,notepad,chair 
phone,chair 
keyboard,notepad 
laptop,phone_case,screen_guard,sunglasses 
mouse,keyboard,water_bottle 
laptop,fitness_band 
phone,shoe 
screen_guard,laptop,shoe 
chair,fitness_band 
laptop,desk,headphones 
backpack,phone 
desk,pen 
notepad,headphones,headphones,phone_case 
trousers,screen_guard,sunglasses,pen 
headphones,keyboard,charger,charger 
headphones,screen_guard 
headphones,laptop_case 
shirt,pen,trousers,laptop_case 
laptop,phone,phone 
keyboard,backpack,charger,laptop 
water_bottle,notepad 
trousers,screen_guard,backpack 
shirt,socks 
chair,shirt,shirt,coffee_mug 
yoga_mat,board_game,travel_pillow,chess_set,sleeping_bag,telescope,coffee_mug,gaming_headset,sleeping_bag,gaming_chair,wireless_router,chess_set,dumbbells,laptop,camera,security_camera,blanket,bluetooth_speaker,air_fryer,fishing_rod 
keyboard,microphone,keyboard,resistance_bands 
gaming_headset,toaster,guitar 
shoe,snowshoes,scanner,shoe,microphone,board_game,blender,puzzle,luggage,video_doorbell,keyboard,hat,water_bottle 
pen,tripod,sleeping_pad,notepad,headphones,gaming_console,binoculars,trousers,snowshoes,air_fryer,yoga_mat,air_purifier,usb_flash_drive,ice_skates,ice_skates 
headphones,gaming_chair,hat 
tent,cable_organizer,yoga_mat,laptop_case,puzzle,security_camera,telescope,scanner,sunscreen,pillow,wireless_router,bicycle,ski_poles,tripod,backpack,bean_bag,video_doorbell,air_purifier,chess_set,backpack,portable_charger,bluetooth_speaker 
gaming_headset,watch,cable_organizer,luggage,pillow,board_game,plant_pot,jacket,resistance_bands,blender,smart_thermostat,tent,coffee_maker,laptop,binoculars,coffee_mug,headphones,socks,hammock,cookware_set 
phone,bean_bag,wallet,notepad,security_camera,sunglasses,dumbbells,screen_guard,blender,bicycle,foosball_table,dumbbells,coffee_maker,puzzle,mirror,notepad,board_game,pen 
microphone,vacuum_cleaner,drone,camera,tent,tablet,watch,sleeping_pad,coffee_maker,curtains,desk,robot_vacuum,gaming_console,curtains,mirror,telescope,portable_charger,hiking_boots,curtains,cable_organizer,sleeping_pad,wall_art,ski_poles,external_hard_drive 
gaming_console,blender,wall_art,rug,food_processor,helmet,gaming_controller,hiking_boots,mouse,guitar,tent,kayak,gaming_console,microphone 
video_doorbell,watch,ski_poles,food_processor,screen_guard,plant_pot,desk,portable_charger,keyboard,resistance_bands 
chair,smartwatch,wallet,watch,wireless_router,hammock,canoe,air_fryer,socks 
juicer,bicycle,fishing_rod,curtains,guitar,phone_case,smartwatch,coffee_mug,tripod,microphone,juicer,bluetooth_speaker 
ping_pong_table,keyboard,drone,fishing_rod,smartwatch,dumbbells,foosball_table,gaming_controller,candle_holder,gaming_headset,keyboard,snowshoes 
luggage,smartwatch,ice_skates,travel_pillow,fitness_band,snowboard,cable_organizer,security_camera,dumbbells,helmet,keyboard,ski_poles,gaming_headset,chess_set,blanket,vacuum_cleaner 
gaming_console,sunglasses,vacuum_cleaner,coffee_mug,hammock,tablet,phone_case,watch,shirt,kayak,notepad,ice_skates,telescope 
bluetooth_speaker,security_camera,scanner,sleeping_pad,protein_powder,laptop,watch,snowboard,plant_pot,smartwatch,fitness_band,gaming_controller,gaming_headset,food_processor 
tent,blender,dumbbells,trousers,drone,coffee_mug,camera,phone_case,humidifier 
tripod,shoe,travel_pillow,resistance_bands,tripod,wallet,wireless_router,hammock,video_doorbell,desk,backpack,external_hard_drive,phone,gaming_headset,blanket,laptop_case,ping_pong_table 
sunscreen,binoculars,food_processor,juicer,blender,chess_set,telescope,ping_pong_table 
candle_holder,resistance_bands,headphones,desk,jacket,board_game,coffee_mug,charger,bicycle,gaming_controller,blender,bean_bag,screen_guard 
keyboard,curtains,kayak,kayak,humidifier,pen,ice_skates,pillow,desk,fitness_band,tripod,robot_vacuum,laptop_case,coffee_mug,canoe 
air_purifier,hiking_boots,printer 
snowshoes,tent,hat,smart_thermostat,puzzle,sunglasses,headphones,board_game,external_hard_drive,charger,portable_charger,gaming_chair,usb_flash_drive,usb_flash_drive 
chess_set,guitar,cable_organizer,resistance_bands,ping_pong_table,laptop_case,sleeping_pad,shoe,travel_pillow,wall_art,laptop_case,trousers,chess_set 
chess_set,external_hard_drive,gaming_controller,cookware_set,board_game,tripod,hiking_boots,dumbbells 
gaming_chair,screen_guard,gaming_chair,coffee_maker,snowboard,security_camera,snowshoes,foosball_table,gaming_headset,tablet,video_doorbell,tablet 
chess_set,plant_pot,hammock,food_processor,phone,scanner,dumbbells,security_camera,fishing_rod,fitness_band,smartwatch,camera,portable_charger,gaming_headset,coffee_maker,camera,toaster,camping_stove,gaming_controller,air_purifier,desk 
yoga_mat,board_game,travel_pillow,chess_set,sleeping_bag,telescope,coffee_mug,gaming_headset,sleeping_bag,gaming_chair,wireless_router,chess_set,dumbbells,laptop,camera,security_camera,blanket,bluetooth_speaker,air_fryer,fishing_rod 
keyboard,microphone,keyboard,resistance_bands 
gaming_headset,toaster,guitar 
shoe,snowshoes,scanner,shoe,microphone,board_game,blender,puzzle,luggage,video_doorbell,keyboard,hat,water_bottle 
pen,tripod,sleeping_pad,notepad,headphones,gaming_console,binoculars,trousers,snowshoes,air_fryer,yoga_mat,air_purifier,usb_flash_drive,ice_skates,ice_skates 
headphones,gaming_chair,hat 
tent,cable_organizer,yoga_mat,laptop_case,puzzle,security_camera,telescope,scanner,sunscreen,pillow,wireless_router,bicycle,ski_poles,tripod,backpack,bean_bag,video_doorbell,air_purifier,chess_set,backpack,portable_charger,bluetooth_speaker 
gaming_headset,watch,cable_organizer,luggage,pillow,board_game,plant_pot,jacket,resistance_bands,blender,smart_thermostat,tent,coffee_maker,laptop,binoculars,coffee_mug,headphones,socks,hammock,cookware_set 
phone,bean_bag,wallet,notepad,security_camera,sunglasses,dumbbells,screen_guard,blender,bicycle,foosball_table,dumbbells,coffee_maker,puzzle,mirror,notepad,board_game,pen 
microphone,vacuum_cleaner,drone,camera,tent,tablet,watch,sleeping_pad,coffee_maker,curtains,desk,robot_vacuum,gaming_console,curtains,mirror,telescope,portable_charger,hiking_boots,curtains,cable_organizer,sleeping_pad,wall_art,ski_poles,external_hard_drive 
gaming_console,blender,wall_art,rug,food_processor,helmet,gaming_controller,hiking_boots,mouse,guitar,tent,kayak,gaming_console,microphone 
video_doorbell,watch,ski_poles,food_processor,screen_guard,plant_pot,desk,portable_charger,keyboard,resistance_bands 
chair,smartwatch,wallet,watch,wireless_router,hammock,canoe,air_fryer,socks 
juicer,bicycle,fishing_rod,curtains,guitar,phone_case,smartwatch,coffee_mug,tripod,microphone,juicer,bluetooth_speaker 
ping_pong_table,keyboard,drone,fishing_rod,smartwatch,dumbbells,foosball_table,gaming_controller,candle_holder,gaming_headset,keyboard,snowshoes 
luggage,smartwatch,ice_skates,travel_pillow,fitness_band,snowboard,cable_organizer,security_camera,dumbbells,helmet,keyboard,ski_poles,gaming_headset,chess_set,blanket,vacuum_cleaner 
gaming_console,sunglasses,vacuum_cleaner,coffee_mug,hammock,tablet,phone_case,watch,shirt,kayak,notepad,ice_skates,telescope 
bluetooth_speaker,security_camera,scanner,sleeping_pad,protein_powder,laptop,watch,snowboard,plant_pot,smartwatch,fitness_band,gaming_controller,gaming_headset,food_processor 
tent,blender,dumbbells,trousers,drone,coffee_mug,camera,phone_case,humidifier 
tripod,shoe,travel_pillow,resistance_bands,tripod,wallet,wireless_router,hammock,video_doorbell,desk,backpack,external_hard_drive,phone,gaming_headset,blanket,laptop_case,ping_pong_table 
sunscreen,binoculars,food_processor,juicer,blender,chess_set,telescope,ping_pong_table 
candle_holder,resistance_bands,headphones,desk,jacket,board_game,coffee_mug,charger,bicycle,gaming_controller,blender,bean_bag,screen_guard 
keyboard,curtains,kayak,kayak,humidifier,pen,ice_skates,pillow,desk,fitness_band,tripod,robot_vacuum,laptop_case,coffee_mug,canoe 
air_purifier,hiking_boots,printer 
snowshoes,tent,hat,smart_thermostat,puzzle,sunglasses,headphones,board_game,external_hard_drive,charger,portable_charger,gaming_chair,usb_flash_drive,usb_flash_drive 
chess_set,guitar,cable_organizer,resistance_bands,ping_pong_table,laptop_case,sleeping_pad,shoe,travel_pillow,wall_art,laptop_case,trousers,chess_set 
chess_set,external_hard_drive,gaming_controller,cookware_set,board_game,tripod,hiking_boots,dumbbells 
gaming_chair,screen_guard,gaming_chair,coffee_maker,snowboard,security_camera,snowshoes,foosball_table,gaming_headset,tablet,video_doorbell,tablet 
chess_set,plant_pot,hammock,food_processor,phone,scanner,dumbbells,security_camera,fishing_rod,fitness_band,smartwatch,camera,portable_charger,gaming_headset,coffee_maker,camera,toaster,camping_stove,gaming_controller,air_purifier,desk 
yoga_mat,board_game,travel_pillow,chess_set,sleeping_bag,telescope,coffee_mug,gaming_headset,sleeping_bag,gaming_chair,wireless_router,chess_set,dumbbells,laptop,camera,security_camera,blanket,bluetooth_speaker,air_fryer,fishing_rod 
keyboard,microphone,keyboard,resistance_bands 
gaming_headset,toaster,guitar 
shoe,snowshoes,scanner,shoe,microphone,board_game,blender,puzzle,luggage,video_doorbell,keyboard,hat,water_bottle 
pen,tripod,sleeping_pad,notepad,headphones,gaming_console,binoculars,trousers,snowshoes,air_fryer,yoga_mat,air_purifier,usb_flash_drive,ice_skates,ice_skates 
headphones,gaming_chair,hat 
tent,cable_organizer,yoga_mat,laptop_case,puzzle,security_camera,telescope,scanner,sunscreen,pillow,wireless_router,bicycle,ski_poles,tripod,backpack,bean_bag,video_doorbell,air_purifier,chess_set,backpack,portable_charger,bluetooth_speaker 
gaming_headset,watch,cable_organizer,luggage,pillow,board_game,plant_pot,jacket,resistance_bands,blender,smart_thermostat,tent,coffee_maker,laptop,binoculars,coffee_mug,headphones,socks,hammock,cookware_set 
phone,bean_bag,wallet,notepad,security_camera,sunglasses,dumbbells,screen_guard,blender,bicycle,foosball_table,dumbbells,coffee_maker,puzzle,mirror,notepad,board_game,pen 
microphone,vacuum_cleaner,drone,camera,tent,tablet,watch,sleeping_pad,coffee_maker,curtains,desk,robot_vacuum,gaming_console,curtains,mirror,telescope,portable_charger,hiking_boots,curtains,cable_organizer,sleeping_pad,wall_art,ski_poles,external_hard_drive 
gaming_console,blender,wall_art,rug,food_processor,helmet,gaming_controller,hiking_boots,mouse,guitar,tent,kayak,gaming_console,microphone 
video_doorbell,watch,ski_poles,food_processor,screen_guard,plant_pot,desk,portable_charger,keyboard,resistance_bands 
chair,smartwatch,wallet,watch,wireless_router,hammock,canoe,air_fryer,socks 
juicer,bicycle,fishing_rod,curtains,guitar,phone_case,smartwatch,coffee_mug,tripod,microphone,juicer,bluetooth_speaker 
ping_pong_table,keyboard,drone,fishing_rod,smartwatch,dumbbells,foosball_table,gaming_controller,candle_holder,gaming_headset,keyboard,snowshoes 
luggage,smartwatch,ice_skates,travel_pillow,fitness_band,snowboard,cable_organizer,security_camera,dumbbells,helmet,keyboard,ski_poles,gaming_headset,chess_set,blanket,vacuum_cleaner 
gaming_console,sunglasses,vacuum_cleaner,coffee_mug,hammock,tablet,phone_case,watch,shirt,kayak,notepad,ice_skates,telescope 
bluetooth_speaker,security_camera,scanner,sleeping_pad,protein_powder,laptop,watch,snowboard,plant_pot,smartwatch,fitness_band,gaming_controller,gaming_headset,food_processor 
tent,blender,dumbbells,trousers,drone,coffee_mug,camera,phone_case,humidifier 
tripod,shoe,travel_pillow,resistance_bands,tripod,wallet,wireless_router,hammock,video_doorbell,desk,backpack,external_hard_drive,phone,gaming_headset,blanket,laptop_case,ping_pong_table 
sunscreen,binoculars,food_processor,juicer,blender,chess_set,telescope,ping_pong_table 
candle_holder,resistance_bands,headphones,desk,jacket,board_game,coffee_mug,charger,bicycle,gaming_controller,blender,bean_bag,screen_guard 
keyboard,curtains,kayak,kayak,humidifier,pen,ice_skates,pillow,desk,fitness_band,tripod,robot_vacuum,laptop_case,coffee_mug,canoe 
air_purifier,hiking_boots,printer 
snowshoes,tent,hat,smart_thermostat,puzzle,sunglasses,headphones,board_game,external_hard_drive,charger,portable_charger,gaming_chair,usb_flash_drive,usb_flash_drive 
chess_set,guitar,cable_organizer,resistance_bands,ping_pong_table,laptop_case,sleeping_pad,shoe,travel_pillow,wall_art,laptop_case,trousers,chess_set 
chess_set,external_hard_drive,gaming_controller,cookware_set,board_game,tripod,hiking_boots,dumbbells 
gaming_chair,screen_guard,gaming_chair,coffee_maker,snowboard,security_camera,snowshoes,foosball_table,gaming_headset,tablet,video_doorbell,tablet 
chess_set,plant_pot,hammock,food_processor,phone,scanner,dumbbells,security_camera,fishing_rod,fitness_band,smartwatch,camera,portable_charger,gaming_headset,coffee_maker,camera,toaster,camping_stove,gaming_controller,air_purifier,desk 
yoga_mat,board_game,travel_pillow,chess_set,sleeping_bag,telescope,coffee_mug,gaming_headset,sleeping_bag,gaming_chair,wireless_router,chess_set,dumbbells,laptop,camera,security_camera,blanket,bluetooth_speaker,air_fryer,fishing_rod 
keyboard,microphone,keyboard,resistance_bands 
gaming_headset,toaster,guitar 
shoe,snowshoes,scanner,shoe,microphone,board_game,blender,puzzle,luggage,video_doorbell,keyboard,hat,water_bottle 
pen,tripod,sleeping_pad,notepad,headphones,gaming_console,binoculars,trousers,snowshoes,air_fryer,yoga_mat,air_purifier,usb_flash_drive,ice_skates,ice_skates 
headphones,gaming_chair,hat 
tent,cable_organizer,yoga_mat,laptop_case,puzzle,security_camera,telescope,scanner,sunscreen,pillow,wireless_router,bicycle,ski_poles,tripod,backpack,bean_bag,video_doorbell,air_purifier,chess_set,backpack,portable_charger,bluetooth_speaker 
gaming_headset,watch,cable_organizer,luggage,pillow,board_game,plant_pot,jacket,resistance_bands,blender,smart_thermostat,tent,coffee_maker,laptop,binoculars,coffee_mug,headphones,socks,hammock,cookware_set 
phone,bean_bag,wallet,notepad,security_camera,sunglasses,dumbbells,screen_guard,blender,bicycle,foosball_table,dumbbells,coffee_maker,puzzle,mirror,notepad,board_game,pen 
microphone,vacuum_cleaner,drone,camera,tent,tablet,watch,sleeping_pad,coffee_maker,curtains,desk,robot_vacuum,gaming_console,curtains,mirror,telescope,portable_charger,hiking_boots,curtains,cable_organizer,sleeping_pad,wall_art,ski_poles,external_hard_drive 
gaming_console,blender,wall_art,rug,food_processor,helmet,gaming_controller,hiking_boots,mouse,guitar,tent,kayak,gaming_console,microphone 
video_doorbell,watch,ski_poles,food_processor,screen_guard,plant_pot,desk,portable_charger,keyboard,resistance_bands 
chair,smartwatch,wallet,watch,wireless_router,hammock,canoe,air_fryer,socks 
juicer,bicycle,fishing_rod,curtains,guitar,phone_case,smartwatch,coffee_mug,tripod,microphone,juicer,bluetooth_speaker 
ping_pong_table,keyboard,drone,fishing_rod,smartwatch,dumbbells,foosball_table,gaming_controller,candle_holder,gaming_headset,keyboard,snowshoes 
luggage,smartwatch,ice_skates,travel_pillow,fitness_band,snowboard,cable_organizer,security_camera,dumbbells,helmet,keyboard,ski_poles,gaming_headset,chess_set,blanket,vacuum_cleaner 
gaming_console,sunglasses,vacuum_cleaner,coffee_mug,hammock,tablet,phone_case,watch,shirt,kayak,notepad,ice_skates,telescope 
bluetooth_speaker,security_camera,scanner,sleeping_pad,protein_powder,laptop,watch,snowboard,plant_pot,smartwatch,fitness_band,gaming_controller,gaming_headset,food_processor 
tent,blender,dumbbells,trousers,drone,coffee_mug,camera,phone_case,humidifier 
tripod,shoe,travel_pillow,resistance_bands,tripod,wallet,wireless_router,hammock,video_doorbell,desk,backpack,external_hard_drive,phone,gaming_headset,blanket,laptop_case,ping_pong_table 
sunscreen,binoculars,food_processor,juicer,blender,chess_set,telescope,ping_pong_table 
candle_holder,resistance_bands,headphones,desk,jacket,board_game,coffee_mug,charger,bicycle,gaming_controller,blender,bean_bag,screen_guard 
keyboard,curtains,kayak,kayak,humidifier,pen,ice_skates,pillow,desk,fitness_band,tripod,robot_vacuum,laptop_case,coffee_mug,canoe 
air_purifier,hiking_boots,printer 
snowshoes,tent,hat,smart_thermostat,puzzle,sunglasses,headphones,board_game,external_hard_drive,charger,portable_charger,gaming_chair,usb_flash_drive,usb_flash_drive 
chess_set,guitar,cable_organizer,resistance_bands,ping_pong_table,laptop_case,sleeping_pad,shoe,travel_pillow,wall_art,laptop_case,trousers,chess_set 
chess_set,external_hard_drive,gaming_controller,cookware_set,board_game,tripod,hiking_boots,dumbbells 
gaming_chair,screen_guard,gaming_chair,coffee_maker,snowboard,security_camera,snowshoes,foosball_table,gaming_headset,tablet,video_doorbell,tablet 
chess_set,plant_pot,hammock,food_processor,phone,scanner,dumbbells,security_camera,fishing_rod,fitness_band,smartwatch,camera,portable_charger,gaming_headset,coffee_maker,camera,toaster,camping_stove,gaming_controller,air_purifier,desk 
